{
  "test_loss": 0.048591841012239456,
  "test_precision": 0.8428893905191873,
  "test_recall": 0.8279379157427937,
  "test_f1": 0.8353467561521252,
  "test_runtime": 25.651,
  "test_samples_per_second": 167.05,
  "test_steps_per_second": 10.448,
  "epoch": 3.0
}