{
  "test_loss": 0.059408560395240784,
  "test_precision": 0.6461538461538462,
  "test_recall": 0.6635459332943242,
  "test_f1": 0.6547344110854504,
  "test_runtime": 30.3183,
  "test_samples_per_second": 172.338,
  "test_steps_per_second": 10.786,
  "epoch": 3.0
}