{
  "test_loss": 0.06135246902704239,
  "test_precision": 0.6235616438356164,
  "test_recall": 0.665886483323581,
  "test_f1": 0.6440294284097339,
  "test_runtime": 30.2784,
  "test_samples_per_second": 172.565,
  "test_steps_per_second": 10.8,
  "epoch": 3.0
}