{
  "test_loss": 0.05285687372088432,
  "test_precision": 0.8002154011847065,
  "test_recall": 0.8348314606741573,
  "test_f1": 0.8171569975254329,
  "test_runtime": 18.396,
  "test_samples_per_second": 135.083,
  "test_steps_per_second": 8.48,
  "epoch": 3.0
}