{
  "test_loss": 0.0425146259367466,
  "test_precision": 0.8462897526501767,
  "test_recall": 0.8496674057649667,
  "test_f1": 0.8479752157556982,
  "test_runtime": 25.1843,
  "test_samples_per_second": 170.146,
  "test_steps_per_second": 10.642,
  "epoch": 3.0
}