{
  "test_loss": 0.1841910034418106,
  "test_precision": 0.5920344456404736,
  "test_recall": 0.6179775280898876,
  "test_f1": 0.6047278724573941,
  "test_runtime": 18.6389,
  "test_samples_per_second": 133.323,
  "test_steps_per_second": 8.37,
  "epoch": 3.0
}