{
  "test_loss": 0.18668578565120697,
  "test_precision": 0.5397815912636506,
  "test_recall": 0.5831460674157304,
  "test_f1": 0.5606265190386174,
  "test_runtime": 18.6082,
  "test_samples_per_second": 133.543,
  "test_steps_per_second": 8.383,
  "epoch": 3.0
}