{
  "test_loss": 0.054309915751218796,
  "test_precision": 0.783289817232376,
  "test_recall": 0.8426966292134831,
  "test_f1": 0.8119079837618403,
  "test_runtime": 18.5231,
  "test_samples_per_second": 134.157,
  "test_steps_per_second": 8.422,
  "epoch": 3.0
}