{
  "test_loss": 0.07231074571609497,
  "test_precision": 0.7362697117998912,
  "test_recall": 0.7606741573033707,
  "test_f1": 0.7482730035921524,
  "test_runtime": 9.3384,
  "test_samples_per_second": 266.107,
  "test_steps_per_second": 16.705,
  "epoch": 3.0
}