{
  "test_loss": 0.007886373437941074,
  "test_precision": 0.7830188679245284,
  "test_recall": 0.8601036269430051,
  "test_f1": 0.819753086419753,
  "test_runtime": 9.87,
  "test_samples_per_second": 251.772,
  "test_steps_per_second": 15.805,
  "epoch": 3.0
}