{
  "test_loss": 0.053704883903265,
  "test_precision": 0.7880377754459601,
  "test_recall": 0.8438202247191011,
  "test_f1": 0.8149755832881173,
  "test_runtime": 18.1298,
  "test_samples_per_second": 137.067,
  "test_steps_per_second": 8.605,
  "epoch": 3.0
}