{
  "test_loss": 0.05268761143088341,
  "test_precision": 0.7923238696109358,
  "test_recall": 0.846629213483146,
  "test_f1": 0.8185768604019554,
  "test_runtime": 18.1503,
  "test_samples_per_second": 136.913,
  "test_steps_per_second": 8.595,
  "epoch": 3.0
}