{
  "test_loss": 0.06351307034492493,
  "test_model_preparation_time": 0.0045,
  "test_precision": 0.6904247660187185,
  "test_recall": 0.6532697547683923,
  "test_f1": 0.6713335666783338,
  "test_runtime": 24.8819,
  "test_samples_per_second": 172.214,
  "test_steps_per_second": 10.771
}