{
  "test_loss": 0.05556369200348854,
  "test_precision": 0.7882787750791974,
  "test_recall": 0.8387640449438202,
  "test_f1": 0.8127381600435492,
  "test_runtime": 17.9018,
  "test_samples_per_second": 138.813,
  "test_steps_per_second": 8.714,
  "epoch": 3.0
}