{
  "test_loss": 0.061480648815631866,
  "test_precision": 0.6390339425587467,
  "test_recall": 0.6668937329700273,
  "test_f1": 0.6526666666666667,
  "test_runtime": 25.1879,
  "test_samples_per_second": 170.121,
  "test_steps_per_second": 10.64,
  "epoch": 3.0
}