{
  "test_loss": 0.04498908668756485,
  "test_precision": 0.8433628318584071,
  "test_recall": 0.8452328159645233,
  "test_f1": 0.8442967884828351,
  "test_runtime": 25.1751,
  "test_samples_per_second": 170.208,
  "test_steps_per_second": 10.645,
  "epoch": 3.0
}