{
  "test_loss": 0.03180161863565445,
  "test_precision": 0.8564527260179434,
  "test_recall": 0.8453678474114441,
  "test_f1": 0.8508741858073363,
  "test_runtime": 25.1512,
  "test_samples_per_second": 170.37,
  "test_steps_per_second": 10.656,
  "epoch": 3.0
}