{
  "test_loss": 0.05597098171710968,
  "test_model_preparation_time": 0.0045,
  "test_precision": 0.7850078084331078,
  "test_recall": 0.8471910112359551,
  "test_f1": 0.8149148878681437,
  "test_runtime": 18.9859,
  "test_samples_per_second": 130.887,
  "test_steps_per_second": 8.217
}